country_iso3,indicator,num_points
,6.0.GDP_current,90
,6.0.GDP_growth,90
,6.0.GDP_usd,90
,6.0.Conspc,75
,6.0.GDPpc_constant,75
,6.0.GNIpc,75
,9.0.Labor.B40,70
,9.0.Labor.T60,70
,9.1.Labor.B40,70
,9.1.Labor.T60,70
,9.2.Labor.B40,70
,9.2.Labor.T60,70
,5.0.AMeanIncGr.All,6
,5.0.AMeanIncGr.B40,6
,5.1.AMeanIncGr.All,6
,5.1.AMeanIncGr.B40,6
,5.2.AMeanIncGr.All,6
,5.2.AMeanIncGr.B40,6
ARG,BG.GSR.NFSV.GD.ZS,25
ARG,BM.GSR.CMCP.ZS,25
ARG,BM.GSR.FCTY.CD,25
ARG,BM.GSR.GNFS.CD,25
ARG,BM.GSR.INSF.ZS,25
ARG,BM.GSR.MRCH.CD,25
ARG,BM.GSR.NFSV.CD,25
ARG,BM.GSR.ROYL.CD,25
ARG,BM.GSR.TOTL.CD,25
ARG,BM.GSR.TRAN.ZS,25
ARG,BM.GSR.TRVL.ZS,25
ARG,BM.KLT.DINV.CD.WD,25
ARG,BM.KLT.DINV.WD.GD.ZS,25
ARG,BM.TRF.PRVT.CD,25
ARG,BM.TRF.PWKR.CD.DT,25
ARG,BN.CAB.XOKA.CD,25
ARG,BN.CAB.XOKA.GD.ZS,25
ARG,BN.FIN.TOTL.CD,25
ARG,BN.GSR.FCTY.CD,25
ARG,BN.GSR.GNFS.CD,25
ARG,BN.GSR.MRCH.CD,25
ARG,BN.KAC.EOMS.CD,25
ARG,BN.KLT.DINV.CD,25
ARG,BN.KLT.PTXL.CD,25
ARG,BN.RES.INCL.CD,25
ARG,BN.TRF.CURR.CD,25
ARG,BN.TRF.KOGT.CD,25
ARG,BX.GSR.CCIS.CD,25
ARG,BX.GSR.CCIS.ZS,25
ARG,BX.GSR.CMCP.ZS,25
ARG,BX.GSR.FCTY.CD,25
ARG,BX.GSR.GNFS.CD,25
ARG,BX.GSR.INSF.ZS,25
ARG,BX.GSR.MRCH.CD,25
ARG,BX.GSR.NFSV.CD,25
ARG,BX.GSR.ROYL.CD,25
ARG,BX.GSR.TOTL.CD,25
ARG,BX.GSR.TRAN.ZS,25
ARG,BX.GSR.TRVL.ZS,25
ARG,BX.KLT.DINV.CD.WD,25
ARG,BX.KLT.DINV.WD.GD.ZS,25
ARG,BX.TRF.CURR.CD,25
ARG,BX.TRF.PWKR.CD,25
ARG,BX.TRF.PWKR.CD.DT,25
ARG,BX.TRF.PWKR.DT.GD.ZS,25
ARG,FI.RES.TOTL.CD,25
ARG,FI.RES.TOTL.MO,25
ARG,FI.RES.XGLD.CD,25
ARG,NE.CON.GOVT.CD,25
ARG,NE.CON.GOVT.CN,25
ARG,NE.CON.GOVT.KD,25
ARG,NE.CON.GOVT.KD.ZG,25
ARG,NE.CON.GOVT.KN,25
ARG,NE.CON.GOVT.ZS,25
ARG,NE.CON.PRVT.CD,25
ARG,NE.CON.PRVT.CN,25
ARG,NE.CON.PRVT.CN.AD,25
ARG,NE.CON.PRVT.KD,25
ARG,NE.CON.PRVT.KD.ZG,25
ARG,NE.CON.PRVT.KN,25
ARG,NE.CON.PRVT.PC.KD,25
ARG,NE.CON.PRVT.PC.KD.ZG,25
ARG,NE.CON.PRVT.PP.KD,25
ARG,NE.CON.PRVT.ZS,25
ARG,NE.CON.TOTL.CD,25
ARG,NE.CON.TOTL.CN,25
ARG,NE.CON.TOTL.KD,25
ARG,NE.CON.TOTL.KD.ZG,25
ARG,NE.CON.TOTL.KN,25
ARG,NE.CON.TOTL.ZS,25
ARG,NE.DAB.DEFL.ZS,25
ARG,NE.DAB.TOTL.CD,25
ARG,NE.DAB.TOTL.CN,25
ARG,NE.DAB.TOTL.KD,25
ARG,NE.DAB.TOTL.KN,25
ARG,NE.DAB.TOTL.ZS,25
ARG,NE.EXP.GNFS.CD,25
ARG,NE.EXP.GNFS.CN,25
ARG,NE.EXP.GNFS.KD,25
ARG,NE.EXP.GNFS.KD.ZG,25
ARG,NE.EXP.GNFS.KN,25
ARG,NE.EXP.GNFS.ZS,25
ARG,NE.GDI.FTOT.CD,25
ARG,NE.GDI.FTOT.CN,25
ARG,NE.GDI.FTOT.KD,25
ARG,NE.GDI.FTOT.KD.ZG,25
ARG,NE.GDI.FTOT.KN,25
ARG,NE.GDI.FTOT.ZS,25
ARG,NE.GDI.STKB.CD,25
ARG,NE.GDI.STKB.CN,25
ARG,NE.GDI.STKB.KN,25
ARG,NE.GDI.TOTL.CD,25
ARG,NE.GDI.TOTL.CN,25
ARG,NE.GDI.TOTL.KD,25
ARG,NE.GDI.TOTL.KD.ZG,25
ARG,NE.GDI.TOTL.KN,25
ARG,NE.GDI.TOTL.ZS,25
ARG,NE.IMP.GNFS.CD,25
ARG,NE.IMP.GNFS.CN,25
ARG,NE.IMP.GNFS.KD,25
ARG,NE.IMP.GNFS.KD.ZG,25
ARG,NE.IMP.GNFS.KN,25
ARG,NE.IMP.GNFS.ZS,25
ARG,NE.RSB.GNFS.CD,25
ARG,NE.RSB.GNFS.CN,25
ARG,NE.RSB.GNFS.ZS,25
ARG,NE.TRD.GNFS.ZS,25
ARG,NV.AGR.TOTL.CD,25
ARG,NV.AGR.TOTL.CN,25
ARG,NV.AGR.TOTL.KD,25
ARG,NV.AGR.TOTL.KD.ZG,25
ARG,NV.AGR.TOTL.KN,25
ARG,NV.AGR.TOTL.ZS,25
ARG,NV.IND.MANF.CD,25
ARG,NV.IND.MANF.CN,25
ARG,NV.IND.MANF.KD,25
ARG,NV.IND.MANF.KD.ZG,25
ARG,NV.IND.MANF.KN,25
ARG,NV.IND.MANF.ZS,25
ARG,NV.IND.TOTL.CD,25
ARG,NV.IND.TOTL.CN,25
ARG,NV.IND.TOTL.KD,25
ARG,NV.IND.TOTL.KD.ZG,25
ARG,NV.IND.TOTL.KN,25
ARG,NV.IND.TOTL.ZS,25
ARG,NV.SRV.TOTL.CD,25
ARG,NV.SRV.TOTL.CN,25
ARG,NV.SRV.TOTL.KD,25
ARG,NV.SRV.TOTL.KD.ZG,25
ARG,NV.SRV.TOTL.KN,25
ARG,NV.SRV.TOTL.ZS,25
ARG,NY.EXP.CAPM.KN,25
ARG,NY.GDP.DEFL.KD.ZG,25
ARG,NY.GDP.DEFL.ZS,25
ARG,NY.GDP.DISC.CN,25
ARG,NY.GDP.FCST.CD,25
ARG,NY.GDP.FCST.CN,25
ARG,NY.GDP.FCST.KD,25
ARG,NY.GDP.FCST.KN,25
ARG,NY.GDP.MKTP.CD,25
ARG,NY.GDP.MKTP.CN,25
ARG,NY.GDP.MKTP.CN.AD,25
ARG,NY.GDP.MKTP.KD,25
ARG,NY.GDP.MKTP.KD.ZG,25
ARG,NY.GDP.MKTP.KN,25
ARG,NY.GDP.MKTP.PP.CD,25
ARG,NY.GDP.MKTP.PP.KD,25
ARG,NY.GDP.PCAP.CD,25
ARG,NY.GDP.PCAP.CN,25
ARG,NY.GDP.PCAP.KD,25
ARG,NY.GDP.PCAP.KD.ZG,25
ARG,NY.GDP.PCAP.KN,25
ARG,NY.GDP.PCAP.PP.CD,25
ARG,NY.GDP.PCAP.PP.KD,25
ARG,NY.GDS.TOTL.CD,25
ARG,NY.GDS.TOTL.CN,25
ARG,NY.GDS.TOTL.ZS,25
ARG,NY.GDY.TOTL.KN,25
ARG,NY.GNP.ATLS.CD,25
ARG,NY.GNP.MKTP.CD,25
ARG,NY.GNP.MKTP.CN,25
ARG,NY.GNP.MKTP.CN.AD,25
ARG,NY.GNP.MKTP.KD,25
ARG,NY.GNP.MKTP.KD.ZG,25
ARG,NY.GNP.MKTP.KN,25
ARG,NY.GNP.MKTP.PP.CD,25
ARG,NY.GNP.MKTP.PP.KD,25
ARG,NY.GNP.PCAP.CD,25
ARG,NY.GNP.PCAP.CN,25
ARG,NY.GNP.PCAP.KD,25
ARG,NY.GNP.PCAP.KD.ZG,25
ARG,NY.GNP.PCAP.KN,25
ARG,NY.GNP.PCAP.PP.CD,25
ARG,NY.GNP.PCAP.PP.KD,25
ARG,NY.GNS.ICTR.CD,25
ARG,NY.GNS.ICTR.CN,25
ARG,NY.GNS.ICTR.GN.ZS,25
ARG,NY.GNS.ICTR.ZS,25
ARG,NY.GSR.NFCY.CD,25
ARG,NY.GSR.NFCY.CN,25
ARG,NY.TAX.NIND.CD,25
ARG,NY.TAX.NIND.CN,25
ARG,NY.TAX.NIND.KN,25
ARG,NY.TRF.NCTR.CD,25
ARG,NY.TRF.NCTR.CN,25
ARG,NY.TTF.GNFS.KN,25
ARG,PA.NUS.ATLS,25
ARG,PA.NUS.PPP,25
ARG,PA.NUS.PPPC.RF,25
ARG,BX.PEF.TOTL.CD.WD,24
ARG,DT.DOD.DECT.CD,24
ARG,DT.DOD.DECT.GN.ZS,24
ARG,DT.DOD.DIMF.CD,24
ARG,DT.DOD.DLXF.CD,24
ARG,DT.DOD.DPNG.CD,24
ARG,DT.DOD.DPPG.CD,24
ARG,DT.DOD.DSTC.CD,24
ARG,DT.DOD.DSTC.IR.ZS,24
ARG,DT.DOD.DSTC.XP.ZS,24
ARG,DT.DOD.DSTC.ZS,24
ARG,DT.DOD.MIBR.CD,24
ARG,DT.DOD.MWBG.CD,24
ARG,DT.NFL.BLAT.CD,24
ARG,DT.NFL.DPNG.CD,24
ARG,DT.NFL.MIBR.CD,24
ARG,DT.NFL.MLAT.CD,24
ARG,DT.NFL.NIFC.CD,24
ARG,DT.NFL.OFFT.CD,24
ARG,DT.NFL.PCBK.CD,24
ARG,DT.NFL.PCBO.CD,24
ARG,DT.NFL.PNGC.CD,24
ARG,DT.NFL.PRVT.CD,24
ARG,DT.NFL.RDBC.CD,24
ARG,DT.NFL.RDBN.CD,24
ARG,DT.TDS.DECT.CD,24
ARG,DT.TDS.DECT.EX.ZS,24
ARG,DT.TDS.DECT.GN.ZS,24
ARG,DT.TDS.DIMF.CD,24
ARG,DT.TDS.DPPF.XP.ZS,24
ARG,DT.TDS.DPPG.CD,24
ARG,DT.TDS.DPPG.GN.ZS,24
ARG,DT.TDS.DPPG.XP.ZS,24
ARG,DT.TDS.MLAT.CD,24
ARG,DT.TDS.MLAT.PG.ZS,24
ARG,FI.RES.TOTL.DT.ZS,24
ARG,GC.REV.XGRT.GD.ZS,24
ARG,NV.AGR.EMPL.KD,24
ARG,NV.IND.EMPL.KD,24
ARG,NV.SRV.EMPL.KD,24
ARG,BX.GRT.EXTA.CD.WD,23
ARG,BX.GRT.TECH.CD.WD,23
ARG,DT.NFL.BOND.CD,23
ARG,DT.NFL.PBND.CD,23
ARG,DT.NFL.PROP.CD,23
ARG,DT.ODA.ODAT.CD,23
ARG,DT.ODA.ODAT.GN.ZS,23
ARG,DT.ODA.ODAT.PC.ZS,23
ARG,NV.MNF.TECH.ZS.UN,23
ARG,DT.NFL.PNGB.CD,22
ARG,NV.MNF.CHEM.ZS.UN,22
ARG,NV.MNF.FBTO.ZS.UN,22
ARG,NV.MNF.MTRN.ZS.UN,22
ARG,NV.MNF.OTHR.ZS.UN,22
ARG,NV.MNF.TXTL.ZS.UN,22
ARG,NY.ADJ.AEDU.CD,22
ARG,NY.ADJ.AEDU.GN.ZS,22
ARG,NY.ADJ.DCO2.CD,22
ARG,NY.ADJ.DCO2.GN.ZS,22
ARG,NY.ADJ.DFOR.CD,22
ARG,NY.ADJ.DFOR.GN.ZS,22
ARG,NY.ADJ.DKAP.CD,22
ARG,NY.ADJ.DKAP.GN.ZS,22
ARG,NY.ADJ.DMIN.CD,22
ARG,NY.ADJ.DMIN.GN.ZS,22
ARG,NY.ADJ.DNGY.CD,22
ARG,NY.ADJ.DNGY.GN.ZS,22
ARG,NY.ADJ.DPEM.CD,22
ARG,NY.ADJ.DPEM.GN.ZS,22
ARG,NY.ADJ.DRES.GN.ZS,22
ARG,NY.ADJ.ICTR.GN.ZS,22
ARG,NY.ADJ.NNAT.CD,22
ARG,NY.ADJ.NNAT.GN.ZS,22
ARG,NY.ADJ.NNTY.CD,22
ARG,NY.ADJ.NNTY.KD,22
ARG,NY.ADJ.NNTY.KD.ZG,22
ARG,NY.ADJ.NNTY.PC.CD,22
ARG,NY.ADJ.NNTY.PC.KD,22
ARG,NY.ADJ.NNTY.PC.KD.ZG,22
ARG,NY.ADJ.SVNG.CD,22
ARG,NY.ADJ.SVNG.GN.ZS,22
ARG,NY.ADJ.SVNX.CD,22
ARG,NY.ADJ.SVNX.GN.ZS,22
ARG,NE.RSB.GNFS.KN,21
ARG,NY.GDP.DISC.KN,21
ARG,DT.NFL.MOTH.CD,19
ARG,GC.XPN.TOTL.GD.ZS,15
ARG,DT.NFL.IMFN.CD,13
ARG,NE.CON.PRVT.PP.CD,11
ARG,PA.NUS.PRVT.PP,11
ARG,NY.TRF.NCTR.KN,7
ARG,NV.FSM.TOTL.CN,4
ARG,DT.DOD.PVLX.CD,1
ARG,DT.DOD.PVLX.EX.ZS,1
ARG,DT.DOD.PVLX.GN.ZS,1
ARG,DT.DOD.MIDA.CD,0
ARG,DT.NFL.IMFC.CD,0
ARG,DT.NFL.MIDA.CD,0
ARG,FP.CPI.TOTL.ZG,0
ARG,GC.DOD.TOTL.GD.ZS,0
ARG,NE.GDI.FPRV.CN,0
ARG,NE.GDI.FPRV.ZS,0
ARG,NV.FSM.TOTL.KN,0
ARG,NY.GSR.NFCY.KN,0
BOL,FI.RES.TOTL.CD,25
BOL,FI.RES.XGLD.CD,25
BOL,FP.CPI.TOTL.ZG,25
BOL,NY.GDP.DEFL.KD.ZG,25
BOL,NY.GDP.DEFL.ZS,25
BOL,NY.GDP.MKTP.CD,25
BOL,NY.GDP.MKTP.CN,25
BOL,NY.GDP.MKTP.CN.AD,25
BOL,NY.GDP.MKTP.KD,25
BOL,NY.GDP.MKTP.KD.ZG,25
BOL,NY.GDP.MKTP.KN,25
BOL,NY.GDP.MKTP.PP.CD,25
BOL,NY.GDP.MKTP.PP.KD,25
BOL,NY.GDP.PCAP.CD,25
BOL,NY.GDP.PCAP.CN,25
BOL,NY.GDP.PCAP.KD,25
BOL,NY.GDP.PCAP.KD.ZG,25
BOL,NY.GDP.PCAP.KN,25
BOL,NY.GDP.PCAP.PP.CD,25
BOL,NY.GDP.PCAP.PP.KD,25
BOL,NY.GNP.ATLS.CD,25
BOL,NY.GNP.MKTP.CD,25
BOL,NY.GNP.MKTP.CN,25
BOL,NY.GNP.MKTP.CN.AD,25
BOL,NY.GNP.MKTP.PP.CD,25
BOL,NY.GNP.PCAP.CD,25
BOL,NY.GNP.PCAP.CN,25
BOL,NY.GNP.PCAP.PP.CD,25
BOL,NY.GSR.NFCY.CD,25
BOL,NY.GSR.NFCY.CN,25
BOL,PA.NUS.ATLS,25
BOL,PA.NUS.PPP,25
BOL,PA.NUS.PPPC.RF,25
BOL,PA.NUS.PRVT.PP,25
BOL,BG.GSR.NFSV.GD.ZS,24
BOL,BM.GSR.CMCP.ZS,24
BOL,BM.GSR.FCTY.CD,24
BOL,BM.GSR.GNFS.CD,24
BOL,BM.GSR.INSF.ZS,24
BOL,BM.GSR.MRCH.CD,24
BOL,BM.GSR.NFSV.CD,24
BOL,BM.GSR.ROYL.CD,24
BOL,BM.GSR.TOTL.CD,24
BOL,BM.GSR.TRAN.ZS,24
BOL,BM.GSR.TRVL.ZS,24
BOL,BM.TRF.PRVT.CD,24
BOL,BM.TRF.PWKR.CD.DT,24
BOL,BN.CAB.XOKA.CD,24
BOL,BN.CAB.XOKA.GD.ZS,24
BOL,BN.FIN.TOTL.CD,24
BOL,BN.GSR.FCTY.CD,24
BOL,BN.GSR.GNFS.CD,24
BOL,BN.GSR.MRCH.CD,24
BOL,BN.KAC.EOMS.CD,24
BOL,BN.KLT.DINV.CD,24
BOL,BN.KLT.PTXL.CD,24
BOL,BN.RES.INCL.CD,24
BOL,BN.TRF.CURR.CD,24
BOL,BX.GSR.CCIS.CD,24
BOL,BX.GSR.CCIS.ZS,24
BOL,BX.GSR.CMCP.ZS,24
BOL,BX.GSR.FCTY.CD,24
BOL,BX.GSR.GNFS.CD,24
BOL,BX.GSR.INSF.ZS,24
BOL,BX.GSR.MRCH.CD,24
BOL,BX.GSR.NFSV.CD,24
BOL,BX.GSR.ROYL.CD,24
BOL,BX.GSR.TOTL.CD,24
BOL,BX.GSR.TRAN.ZS,24
BOL,BX.GSR.TRVL.ZS,24
BOL,BX.KLT.DINV.CD.WD,24
BOL,BX.KLT.DINV.WD.GD.ZS,24
BOL,BX.PEF.TOTL.CD.WD,24
BOL,BX.TRF.CURR.CD,24
BOL,BX.TRF.PWKR.CD,24
BOL,BX.TRF.PWKR.CD.DT,24
BOL,BX.TRF.PWKR.DT.GD.ZS,24
BOL,DT.DOD.DECT.CD,24
BOL,DT.DOD.DECT.GN.ZS,24
BOL,DT.DOD.DIMF.CD,24
BOL,DT.DOD.DLXF.CD,24
BOL,DT.DOD.DPNG.CD,24
BOL,DT.DOD.DPPG.CD,24
BOL,DT.DOD.DSTC.CD,24
BOL,DT.DOD.DSTC.IR.ZS,24
BOL,DT.DOD.DSTC.XP.ZS,24
BOL,DT.DOD.DSTC.ZS,24
BOL,DT.DOD.MIDA.CD,24
BOL,DT.DOD.MWBG.CD,24
BOL,DT.NFL.BLAT.CD,24
BOL,DT.NFL.DPNG.CD,24
BOL,DT.NFL.MIDA.CD,24
BOL,DT.NFL.MLAT.CD,24
BOL,DT.NFL.MOTH.CD,24
BOL,DT.NFL.NIFC.CD,24
BOL,DT.NFL.OFFT.CD,24
BOL,DT.NFL.PCBK.CD,24
BOL,DT.NFL.PCBO.CD,24
BOL,DT.NFL.PNGC.CD,24
BOL,DT.NFL.PROP.CD,24
BOL,DT.NFL.PRVT.CD,24
BOL,DT.NFL.RDBC.CD,24
BOL,DT.NFL.RDBN.CD,24
BOL,DT.TDS.DECT.CD,24
BOL,DT.TDS.DECT.EX.ZS,24
BOL,DT.TDS.DECT.GN.ZS,24
BOL,DT.TDS.DIMF.CD,24
BOL,DT.TDS.DPPF.XP.ZS,24
BOL,DT.TDS.DPPG.CD,24
BOL,DT.TDS.DPPG.GN.ZS,24
BOL,DT.TDS.DPPG.XP.ZS,24
BOL,DT.TDS.MLAT.CD,24
BOL,DT.TDS.MLAT.PG.ZS,24
BOL,FI.RES.TOTL.DT.ZS,24
BOL,FI.RES.TOTL.MO,24
BOL,NE.CON.GOVT.CD,24
BOL,NE.CON.GOVT.CN,24
BOL,NE.CON.GOVT.KD,24
BOL,NE.CON.GOVT.KD.ZG,24
BOL,NE.CON.GOVT.KN,24
BOL,NE.CON.GOVT.ZS,24
BOL,NE.CON.PRVT.CD,24
BOL,NE.CON.PRVT.CN,24
BOL,NE.CON.PRVT.CN.AD,24
BOL,NE.CON.PRVT.KD,24
BOL,NE.CON.PRVT.KD.ZG,24
BOL,NE.CON.PRVT.KN,24
BOL,NE.CON.PRVT.PC.KD,24
BOL,NE.CON.PRVT.PC.KD.ZG,24
BOL,NE.CON.PRVT.PP.CD,24
BOL,NE.CON.PRVT.PP.KD,24
BOL,NE.CON.PRVT.ZS,24
BOL,NE.CON.TOTL.CD,24
BOL,NE.CON.TOTL.CN,24
BOL,NE.CON.TOTL.KD,24
BOL,NE.CON.TOTL.KD.ZG,24
BOL,NE.CON.TOTL.KN,24
BOL,NE.CON.TOTL.ZS,24
BOL,NE.DAB.DEFL.ZS,24
BOL,NE.DAB.TOTL.CD,24
BOL,NE.DAB.TOTL.CN,24
BOL,NE.DAB.TOTL.KD,24
BOL,NE.DAB.TOTL.KN,24
BOL,NE.DAB.TOTL.ZS,24
BOL,NE.EXP.GNFS.CD,24
BOL,NE.EXP.GNFS.CN,24
BOL,NE.EXP.GNFS.KD,24
BOL,NE.EXP.GNFS.KD.ZG,24
BOL,NE.EXP.GNFS.KN,24
BOL,NE.EXP.GNFS.ZS,24
BOL,NE.GDI.FTOT.CD,24
BOL,NE.GDI.FTOT.CN,24
BOL,NE.GDI.FTOT.KD,24
BOL,NE.GDI.FTOT.KD.ZG,24
BOL,NE.GDI.FTOT.KN,24
BOL,NE.GDI.FTOT.ZS,24
BOL,NE.GDI.STKB.CD,24
BOL,NE.GDI.STKB.CN,24
BOL,NE.GDI.STKB.KN,24
BOL,NE.GDI.TOTL.CD,24
BOL,NE.GDI.TOTL.CN,24
BOL,NE.GDI.TOTL.KD,24
BOL,NE.GDI.TOTL.KD.ZG,24
BOL,NE.GDI.TOTL.KN,24
BOL,NE.GDI.TOTL.ZS,24
BOL,NE.IMP.GNFS.CD,24
BOL,NE.IMP.GNFS.CN,24
BOL,NE.IMP.GNFS.KD,24
BOL,NE.IMP.GNFS.KD.ZG,24
BOL,NE.IMP.GNFS.KN,24
BOL,NE.IMP.GNFS.ZS,24
BOL,NE.RSB.GNFS.CD,24
BOL,NE.RSB.GNFS.CN,24
BOL,NE.RSB.GNFS.KN,24
BOL,NE.RSB.GNFS.ZS,24
BOL,NE.TRD.GNFS.ZS,24
BOL,NV.AGR.EMPL.KD,24
BOL,NV.AGR.TOTL.CD,24
BOL,NV.AGR.TOTL.CN,24
BOL,NV.AGR.TOTL.KD,24
BOL,NV.AGR.TOTL.KD.ZG,24
BOL,NV.AGR.TOTL.KN,24
BOL,NV.AGR.TOTL.ZS,24
BOL,NV.FSM.TOTL.CN,24
BOL,NV.FSM.TOTL.KN,24
BOL,NV.IND.EMPL.KD,24
BOL,NV.IND.MANF.CD,24
BOL,NV.IND.MANF.CN,24
BOL,NV.IND.MANF.KD,24
BOL,NV.IND.MANF.KD.ZG,24
BOL,NV.IND.MANF.KN,24
BOL,NV.IND.MANF.ZS,24
BOL,NV.IND.TOTL.CD,24
BOL,NV.IND.TOTL.CN,24
BOL,NV.IND.TOTL.KD,24
BOL,NV.IND.TOTL.KD.ZG,24
BOL,NV.IND.TOTL.KN,24
BOL,NV.IND.TOTL.ZS,24
BOL,NV.SRV.EMPL.KD,24
BOL,NV.SRV.TOTL.CD,24
BOL,NV.SRV.TOTL.CN,24
BOL,NV.SRV.TOTL.KD,24
BOL,NV.SRV.TOTL.KD.ZG,24
BOL,NV.SRV.TOTL.KN,24
BOL,NV.SRV.TOTL.ZS,24
BOL,NY.EXP.CAPM.KN,24
BOL,NY.GDP.DISC.CN,24
BOL,NY.GDP.DISC.KN,24
BOL,NY.GDP.FCST.CD,24
BOL,NY.GDP.FCST.CN,24
BOL,NY.GDP.FCST.KD,24
BOL,NY.GDP.FCST.KN,24
BOL,NY.GDS.TOTL.CD,24
BOL,NY.GDS.TOTL.CN,24
BOL,NY.GDS.TOTL.ZS,24
BOL,NY.GDY.TOTL.KN,24
BOL,NY.GNP.MKTP.KD,24
BOL,NY.GNP.MKTP.KD.ZG,24
BOL,NY.GNP.MKTP.KN,24
BOL,NY.GNP.MKTP.PP.KD,24
BOL,NY.GNP.PCAP.KD,24
BOL,NY.GNP.PCAP.KD.ZG,24
BOL,NY.GNP.PCAP.KN,24
BOL,NY.GNP.PCAP.PP.KD,24
BOL,NY.GNS.ICTR.CD,24
BOL,NY.GNS.ICTR.CN,24
BOL,NY.GNS.ICTR.GN.ZS,24
BOL,NY.GNS.ICTR.ZS,24
BOL,NY.TAX.NIND.CD,24
BOL,NY.TAX.NIND.CN,24
BOL,NY.TAX.NIND.KN,24
BOL,NY.TRF.NCTR.CD,24
BOL,NY.TRF.NCTR.CN,24
BOL,NY.TTF.GNFS.KN,24
BOL,BX.GRT.EXTA.CD.WD,23
BOL,BX.GRT.TECH.CD.WD,23
BOL,DT.ODA.ODAT.CD,23
BOL,DT.ODA.ODAT.GN.ZS,23
BOL,DT.ODA.ODAT.PC.ZS,23
BOL,NV.MNF.TECH.ZS.UN,23
BOL,BM.KLT.DINV.CD.WD,22
BOL,BM.KLT.DINV.WD.GD.ZS,22
BOL,DT.DOD.MIBR.CD,22
BOL,DT.NFL.MIBR.CD,22
BOL,NY.ADJ.AEDU.CD,22
BOL,NY.ADJ.AEDU.GN.ZS,22
BOL,NY.ADJ.DCO2.CD,22
BOL,NY.ADJ.DCO2.GN.ZS,22
BOL,NY.ADJ.DFOR.CD,22
BOL,NY.ADJ.DFOR.GN.ZS,22
BOL,NY.ADJ.DKAP.CD,22
BOL,NY.ADJ.DKAP.GN.ZS,22
BOL,NY.ADJ.DMIN.CD,22
BOL,NY.ADJ.DMIN.GN.ZS,22
BOL,NY.ADJ.DNGY.CD,22
BOL,NY.ADJ.DNGY.GN.ZS,22
BOL,NY.ADJ.DPEM.CD,22
BOL,NY.ADJ.DPEM.GN.ZS,22
BOL,NY.ADJ.DRES.GN.ZS,22
BOL,NY.ADJ.ICTR.GN.ZS,22
BOL,NY.ADJ.NNAT.CD,22
BOL,NY.ADJ.NNAT.GN.ZS,22
BOL,NY.ADJ.NNTY.CD,22
BOL,NY.ADJ.NNTY.KD,22
BOL,NY.ADJ.NNTY.KD.ZG,22
BOL,NY.ADJ.NNTY.PC.CD,22
BOL,NY.ADJ.NNTY.PC.KD,22
BOL,NY.ADJ.NNTY.PC.KD.ZG,22
BOL,NY.ADJ.SVNG.CD,22
BOL,NY.ADJ.SVNG.GN.ZS,22
BOL,NY.ADJ.SVNX.CD,22
BOL,NY.ADJ.SVNX.GN.ZS,22
BOL,DT.NFL.BOND.CD,14
BOL,DT.NFL.PBND.CD,14
BOL,BN.TRF.KOGT.CD,13
BOL,NY.TRF.NCTR.KN,13
BOL,DT.NFL.IMFN.CD,10
BOL,GC.REV.XGRT.GD.ZS,8
BOL,GC.XPN.TOTL.GD.ZS,8
BOL,NV.MNF.CHEM.ZS.UN,3
BOL,NV.MNF.FBTO.ZS.UN,3
BOL,NV.MNF.MTRN.ZS.UN,3
BOL,NV.MNF.OTHR.ZS.UN,3
BOL,NV.MNF.TXTL.ZS.UN,3
BOL,GC.DOD.TOTL.GD.ZS,2
BOL,DT.DOD.PVLX.CD,1
BOL,DT.DOD.PVLX.EX.ZS,1
BOL,DT.DOD.PVLX.GN.ZS,1
BOL,DT.NFL.IMFC.CD,0
BOL,DT.NFL.PNGB.CD,0
BOL,NE.GDI.FPRV.CN,0
BOL,NE.GDI.FPRV.ZS,0
BOL,NY.GSR.NFCY.KN,0
BRA,BG.GSR.NFSV.GD.ZS,25
BRA,BM.GSR.CMCP.ZS,25
BRA,BM.GSR.FCTY.CD,25
BRA,BM.GSR.GNFS.CD,25
BRA,BM.GSR.INSF.ZS,25
BRA,BM.GSR.MRCH.CD,25
BRA,BM.GSR.NFSV.CD,25
BRA,BM.GSR.ROYL.CD,25
BRA,BM.GSR.TOTL.CD,25
BRA,BM.GSR.TRAN.ZS,25
BRA,BM.GSR.TRVL.ZS,25
BRA,BM.KLT.DINV.CD.WD,25
BRA,BM.KLT.DINV.WD.GD.ZS,25
BRA,BM.TRF.PRVT.CD,25
BRA,BM.TRF.PWKR.CD.DT,25
BRA,BN.CAB.XOKA.CD,25
BRA,BN.CAB.XOKA.GD.ZS,25
BRA,BN.FIN.TOTL.CD,25
BRA,BN.GSR.FCTY.CD,25
BRA,BN.GSR.GNFS.CD,25
BRA,BN.GSR.MRCH.CD,25
BRA,BN.KAC.EOMS.CD,25
BRA,BN.KLT.DINV.CD,25
BRA,BN.KLT.PTXL.CD,25
BRA,BN.RES.INCL.CD,25
BRA,BN.TRF.CURR.CD,25
BRA,BN.TRF.KOGT.CD,25
BRA,BX.GSR.CCIS.CD,25
BRA,BX.GSR.CCIS.ZS,25
BRA,BX.GSR.CMCP.ZS,25
BRA,BX.GSR.FCTY.CD,25
BRA,BX.GSR.GNFS.CD,25
BRA,BX.GSR.INSF.ZS,25
BRA,BX.GSR.MRCH.CD,25
BRA,BX.GSR.NFSV.CD,25
BRA,BX.GSR.ROYL.CD,25
BRA,BX.GSR.TOTL.CD,25
BRA,BX.GSR.TRAN.ZS,25
BRA,BX.GSR.TRVL.ZS,25
BRA,BX.KLT.DINV.CD.WD,25
BRA,BX.KLT.DINV.WD.GD.ZS,25
BRA,BX.TRF.CURR.CD,25
BRA,BX.TRF.PWKR.CD,25
BRA,BX.TRF.PWKR.CD.DT,25
BRA,BX.TRF.PWKR.DT.GD.ZS,25
BRA,FI.RES.TOTL.CD,25
BRA,FI.RES.TOTL.MO,25
BRA,FI.RES.XGLD.CD,25
BRA,FP.CPI.TOTL.ZG,25
BRA,NE.CON.GOVT.CD,25
BRA,NE.CON.GOVT.CN,25
BRA,NE.CON.GOVT.KD,25
BRA,NE.CON.GOVT.KD.ZG,25
BRA,NE.CON.GOVT.KN,25
BRA,NE.CON.GOVT.ZS,25
BRA,NE.CON.PRVT.CD,25
BRA,NE.CON.PRVT.CN,25
BRA,NE.CON.PRVT.CN.AD,25
BRA,NE.CON.PRVT.KD,25
BRA,NE.CON.PRVT.KD.ZG,25
BRA,NE.CON.PRVT.KN,25
BRA,NE.CON.PRVT.PC.KD,25
BRA,NE.CON.PRVT.PC.KD.ZG,25
BRA,NE.CON.PRVT.PP.CD,25
BRA,NE.CON.PRVT.PP.KD,25
BRA,NE.CON.PRVT.ZS,25
BRA,NE.CON.TOTL.CD,25
BRA,NE.CON.TOTL.CN,25
BRA,NE.CON.TOTL.KD,25
BRA,NE.CON.TOTL.KD.ZG,25
BRA,NE.CON.TOTL.KN,25
BRA,NE.CON.TOTL.ZS,25
BRA,NE.DAB.DEFL.ZS,25
BRA,NE.DAB.TOTL.CD,25
BRA,NE.DAB.TOTL.CN,25
BRA,NE.DAB.TOTL.KD,25
BRA,NE.DAB.TOTL.KN,25
BRA,NE.DAB.TOTL.ZS,25
BRA,NE.EXP.GNFS.CD,25
BRA,NE.EXP.GNFS.CN,25
BRA,NE.EXP.GNFS.KD,25
BRA,NE.EXP.GNFS.KD.ZG,25
BRA,NE.EXP.GNFS.KN,25
BRA,NE.EXP.GNFS.ZS,25
BRA,NE.GDI.FTOT.CD,25
BRA,NE.GDI.FTOT.CN,25
BRA,NE.GDI.FTOT.KD,25
BRA,NE.GDI.FTOT.KD.ZG,25
BRA,NE.GDI.FTOT.KN,25
BRA,NE.GDI.FTOT.ZS,25
BRA,NE.GDI.STKB.CD,25
BRA,NE.GDI.STKB.CN,25
BRA,NE.GDI.STKB.KN,25
BRA,NE.GDI.TOTL.CD,25
BRA,NE.GDI.TOTL.CN,25
BRA,NE.GDI.TOTL.KD,25
BRA,NE.GDI.TOTL.KD.ZG,25
BRA,NE.GDI.TOTL.KN,25
BRA,NE.GDI.TOTL.ZS,25
BRA,NE.IMP.GNFS.CD,25
BRA,NE.IMP.GNFS.CN,25
BRA,NE.IMP.GNFS.KD,25
BRA,NE.IMP.GNFS.KD.ZG,25
BRA,NE.IMP.GNFS.KN,25
BRA,NE.IMP.GNFS.ZS,25
BRA,NE.RSB.GNFS.CD,25
BRA,NE.RSB.GNFS.CN,25
BRA,NE.RSB.GNFS.ZS,25
BRA,NE.TRD.GNFS.ZS,25
BRA,NV.AGR.TOTL.CD,25
BRA,NV.AGR.TOTL.CN,25
BRA,NV.AGR.TOTL.KD,25
BRA,NV.AGR.TOTL.KD.ZG,25
BRA,NV.AGR.TOTL.KN,25
BRA,NV.AGR.TOTL.ZS,25
BRA,NV.IND.MANF.CD,25
BRA,NV.IND.MANF.CN,25
BRA,NV.IND.MANF.KD,25
BRA,NV.IND.MANF.KD.ZG,25
BRA,NV.IND.MANF.KN,25
BRA,NV.IND.MANF.ZS,25
BRA,NV.IND.TOTL.CD,25
BRA,NV.IND.TOTL.CN,25
BRA,NV.IND.TOTL.KD,25
BRA,NV.IND.TOTL.KD.ZG,25
BRA,NV.IND.TOTL.KN,25
BRA,NV.IND.TOTL.ZS,25
BRA,NV.SRV.TOTL.CD,25
BRA,NV.SRV.TOTL.CN,25
BRA,NV.SRV.TOTL.KD,25
BRA,NV.SRV.TOTL.KD.ZG,25
BRA,NV.SRV.TOTL.KN,25
BRA,NV.SRV.TOTL.ZS,25
BRA,NY.EXP.CAPM.KN,25
BRA,NY.GDP.DEFL.KD.ZG,25
BRA,NY.GDP.DEFL.ZS,25
BRA,NY.GDP.DISC.CN,25
BRA,NY.GDP.FCST.CD,25
BRA,NY.GDP.FCST.CN,25
BRA,NY.GDP.FCST.KD,25
BRA,NY.GDP.FCST.KN,25
BRA,NY.GDP.MKTP.CD,25
BRA,NY.GDP.MKTP.CN,25
BRA,NY.GDP.MKTP.CN.AD,25
BRA,NY.GDP.MKTP.KD,25
BRA,NY.GDP.MKTP.KD.ZG,25
BRA,NY.GDP.MKTP.KN,25
BRA,NY.GDP.MKTP.PP.CD,25
BRA,NY.GDP.MKTP.PP.KD,25
BRA,NY.GDP.PCAP.CD,25
BRA,NY.GDP.PCAP.CN,25
BRA,NY.GDP.PCAP.KD,25
BRA,NY.GDP.PCAP.KD.ZG,25
BRA,NY.GDP.PCAP.KN,25
BRA,NY.GDP.PCAP.PP.CD,25
BRA,NY.GDP.PCAP.PP.KD,25
BRA,NY.GDS.TOTL.CD,25
BRA,NY.GDS.TOTL.CN,25
BRA,NY.GDS.TOTL.ZS,25
BRA,NY.GDY.TOTL.KN,25
BRA,NY.GNP.ATLS.CD,25
BRA,NY.GNP.MKTP.CD,25
BRA,NY.GNP.MKTP.CN,25
BRA,NY.GNP.MKTP.CN.AD,25
BRA,NY.GNP.MKTP.KD,25
BRA,NY.GNP.MKTP.KD.ZG,25
BRA,NY.GNP.MKTP.KN,25
BRA,NY.GNP.MKTP.PP.CD,25
BRA,NY.GNP.MKTP.PP.KD,25
BRA,NY.GNP.PCAP.CD,25
BRA,NY.GNP.PCAP.CN,25
BRA,NY.GNP.PCAP.KD,25
BRA,NY.GNP.PCAP.KD.ZG,25
BRA,NY.GNP.PCAP.KN,25
BRA,NY.GNP.PCAP.PP.CD,25
BRA,NY.GNP.PCAP.PP.KD,25
BRA,NY.GNS.ICTR.CD,25
BRA,NY.GNS.ICTR.CN,25
BRA,NY.GNS.ICTR.GN.ZS,25
BRA,NY.GNS.ICTR.ZS,25
BRA,NY.GSR.NFCY.CD,25
BRA,NY.GSR.NFCY.CN,25
BRA,NY.TAX.NIND.CD,25
BRA,NY.TAX.NIND.CN,25
BRA,NY.TAX.NIND.KN,25
BRA,NY.TRF.NCTR.CD,25
BRA,NY.TRF.NCTR.CN,25
BRA,NY.TTF.GNFS.KN,25
BRA,PA.NUS.ATLS,25
BRA,PA.NUS.PPP,25
BRA,PA.NUS.PPPC.RF,25
BRA,PA.NUS.PRVT.PP,25
BRA,BX.PEF.TOTL.CD.WD,24
BRA,DT.DOD.DECT.CD,24
BRA,DT.DOD.DECT.GN.ZS,24
BRA,DT.DOD.DIMF.CD,24
BRA,DT.DOD.DLXF.CD,24
BRA,DT.DOD.DPNG.CD,24
BRA,DT.DOD.DPPG.CD,24
BRA,DT.DOD.DSTC.CD,24
BRA,DT.DOD.DSTC.IR.ZS,24
BRA,DT.DOD.DSTC.XP.ZS,24
BRA,DT.DOD.DSTC.ZS,24
BRA,DT.DOD.MIBR.CD,24
BRA,DT.DOD.MWBG.CD,24
BRA,DT.NFL.BLAT.CD,24
BRA,DT.NFL.BOND.CD,24
BRA,DT.NFL.DPNG.CD,24
BRA,DT.NFL.MIBR.CD,24
BRA,DT.NFL.MLAT.CD,24
BRA,DT.NFL.MOTH.CD,24
BRA,DT.NFL.NIFC.CD,24
BRA,DT.NFL.OFFT.CD,24
BRA,DT.NFL.PBND.CD,24
BRA,DT.NFL.PCBK.CD,24
BRA,DT.NFL.PCBO.CD,24
BRA,DT.NFL.PNGB.CD,24
BRA,DT.NFL.PNGC.CD,24
BRA,DT.NFL.PROP.CD,24
BRA,DT.NFL.PRVT.CD,24
BRA,DT.NFL.RDBN.CD,24
BRA,DT.TDS.DECT.CD,24
BRA,DT.TDS.DECT.EX.ZS,24
BRA,DT.TDS.DECT.GN.ZS,24
BRA,DT.TDS.DIMF.CD,24
BRA,DT.TDS.DPPF.XP.ZS,24
BRA,DT.TDS.DPPG.CD,24
BRA,DT.TDS.DPPG.GN.ZS,24
BRA,DT.TDS.DPPG.XP.ZS,24
BRA,DT.TDS.MLAT.CD,24
BRA,DT.TDS.MLAT.PG.ZS,24
BRA,FI.RES.TOTL.DT.ZS,24
BRA,NV.AGR.EMPL.KD,24
BRA,NV.IND.EMPL.KD,24
BRA,NV.SRV.EMPL.KD,24
BRA,BX.GRT.EXTA.CD.WD,23
BRA,BX.GRT.TECH.CD.WD,23
BRA,DT.ODA.ODAT.CD,23
BRA,DT.ODA.ODAT.GN.ZS,23
BRA,DT.ODA.ODAT.PC.ZS,23
BRA,NV.MNF.TECH.ZS.UN,23
BRA,NY.ADJ.AEDU.CD,22
BRA,NY.ADJ.AEDU.GN.ZS,22
BRA,NY.ADJ.DCO2.CD,22
BRA,NY.ADJ.DCO2.GN.ZS,22
BRA,NY.ADJ.DFOR.CD,22
BRA,NY.ADJ.DFOR.GN.ZS,22
BRA,NY.ADJ.DKAP.CD,22
BRA,NY.ADJ.DKAP.GN.ZS,22
BRA,NY.ADJ.DMIN.CD,22
BRA,NY.ADJ.DMIN.GN.ZS,22
BRA,NY.ADJ.DNGY.CD,22
BRA,NY.ADJ.DNGY.GN.ZS,22
BRA,NY.ADJ.DPEM.CD,22
BRA,NY.ADJ.DPEM.GN.ZS,22
BRA,NY.ADJ.DRES.GN.ZS,22
BRA,NY.ADJ.ICTR.GN.ZS,22
BRA,NY.ADJ.NNAT.CD,22
BRA,NY.ADJ.NNAT.GN.ZS,22
BRA,NY.ADJ.NNTY.CD,22
BRA,NY.ADJ.NNTY.KD,22
BRA,NY.ADJ.NNTY.KD.ZG,22
BRA,NY.ADJ.NNTY.PC.CD,22
BRA,NY.ADJ.NNTY.PC.KD,22
BRA,NY.ADJ.NNTY.PC.KD.ZG,22
BRA,NY.ADJ.SVNG.CD,22
BRA,NY.ADJ.SVNG.GN.ZS,22
BRA,NY.ADJ.SVNX.CD,22
BRA,NY.ADJ.SVNX.GN.ZS,22
BRA,DT.NFL.RDBC.CD,21
BRA,NV.MNF.CHEM.ZS.UN,15
BRA,NV.MNF.FBTO.ZS.UN,15
BRA,NV.MNF.MTRN.ZS.UN,15
BRA,NV.MNF.OTHR.ZS.UN,15
BRA,NV.MNF.TXTL.ZS.UN,15
BRA,GC.DOD.TOTL.GD.ZS,14
BRA,GC.REV.XGRT.GD.ZS,14
BRA,GC.XPN.TOTL.GD.ZS,14
BRA,DT.NFL.IMFN.CD,8
BRA,DT.DOD.PVLX.CD,1
BRA,DT.DOD.PVLX.EX.ZS,1
BRA,DT.DOD.PVLX.GN.ZS,1
BRA,NY.TRF.NCTR.KN,1
BRA,DT.DOD.MIDA.CD,0
BRA,DT.NFL.IMFC.CD,0
BRA,DT.NFL.MIDA.CD,0
BRA,NE.GDI.FPRV.CN,0
BRA,NE.GDI.FPRV.ZS,0
BRA,NE.RSB.GNFS.KN,0
BRA,NV.FSM.TOTL.CN,0
BRA,NV.FSM.TOTL.KN,0
BRA,NY.GDP.DISC.KN,0
BRA,NY.GSR.NFCY.KN,0
CHL,BG.GSR.NFSV.GD.ZS,25
CHL,BM.GSR.CMCP.ZS,25
CHL,BM.GSR.FCTY.CD,25
CHL,BM.GSR.GNFS.CD,25
CHL,BM.GSR.INSF.ZS,25
CHL,BM.GSR.MRCH.CD,25
CHL,BM.GSR.NFSV.CD,25
CHL,BM.GSR.ROYL.CD,25
CHL,BM.GSR.TOTL.CD,25
CHL,BM.GSR.TRAN.ZS,25
CHL,BM.GSR.TRVL.ZS,25
CHL,BM.KLT.DINV.CD.WD,25
CHL,BM.KLT.DINV.WD.GD.ZS,25
CHL,BM.TRF.PRVT.CD,25
CHL,BM.TRF.PWKR.CD.DT,25
CHL,BN.CAB.XOKA.CD,25
CHL,BN.CAB.XOKA.GD.ZS,25
CHL,BN.FIN.TOTL.CD,25
CHL,BN.GSR.FCTY.CD,25
CHL,BN.GSR.GNFS.CD,25
CHL,BN.GSR.MRCH.CD,25
CHL,BN.KAC.EOMS.CD,25
CHL,BN.KLT.DINV.CD,25
CHL,BN.KLT.PTXL.CD,25
CHL,BN.RES.INCL.CD,25
CHL,BN.TRF.CURR.CD,25
CHL,BX.GSR.CCIS.CD,25
CHL,BX.GSR.CCIS.ZS,25
CHL,BX.GSR.CMCP.ZS,25
CHL,BX.GSR.FCTY.CD,25
CHL,BX.GSR.GNFS.CD,25
CHL,BX.GSR.INSF.ZS,25
CHL,BX.GSR.MRCH.CD,25
CHL,BX.GSR.NFSV.CD,25
CHL,BX.GSR.ROYL.CD,25
CHL,BX.GSR.TOTL.CD,25
CHL,BX.GSR.TRAN.ZS,25
CHL,BX.GSR.TRVL.ZS,25
CHL,BX.KLT.DINV.CD.WD,25
CHL,BX.KLT.DINV.WD.GD.ZS,25
CHL,BX.TRF.CURR.CD,25
CHL,BX.TRF.PWKR.CD.DT,25
CHL,BX.TRF.PWKR.DT.GD.ZS,25
CHL,FI.RES.TOTL.CD,25
CHL,FI.RES.TOTL.MO,25
CHL,FI.RES.XGLD.CD,25
CHL,FP.CPI.TOTL.ZG,25
CHL,NE.CON.GOVT.CD,25
CHL,NE.CON.GOVT.CN,25
CHL,NE.CON.GOVT.KD,25
CHL,NE.CON.GOVT.KD.ZG,25
CHL,NE.CON.GOVT.KN,25
CHL,NE.CON.GOVT.ZS,25
CHL,NE.CON.PRVT.CD,25
CHL,NE.CON.PRVT.CN,25
CHL,NE.CON.PRVT.CN.AD,25
CHL,NE.CON.PRVT.KD,25
CHL,NE.CON.PRVT.KD.ZG,25
CHL,NE.CON.PRVT.KN,25
CHL,NE.CON.PRVT.PC.KD,25
CHL,NE.CON.PRVT.PC.KD.ZG,25
CHL,NE.CON.PRVT.PP.CD,25
CHL,NE.CON.PRVT.PP.KD,25
CHL,NE.CON.PRVT.ZS,25
CHL,NE.CON.TOTL.CD,25
CHL,NE.CON.TOTL.CN,25
CHL,NE.CON.TOTL.KD,25
CHL,NE.CON.TOTL.KD.ZG,25
CHL,NE.CON.TOTL.KN,25
CHL,NE.CON.TOTL.ZS,25
CHL,NE.DAB.DEFL.ZS,25
CHL,NE.DAB.TOTL.CD,25
CHL,NE.DAB.TOTL.CN,25
CHL,NE.DAB.TOTL.KD,25
CHL,NE.DAB.TOTL.KN,25
CHL,NE.DAB.TOTL.ZS,25
CHL,NE.EXP.GNFS.CD,25
CHL,NE.EXP.GNFS.CN,25
CHL,NE.EXP.GNFS.KD,25
CHL,NE.EXP.GNFS.KD.ZG,25
CHL,NE.EXP.GNFS.KN,25
CHL,NE.EXP.GNFS.ZS,25
CHL,NE.GDI.FTOT.CD,25
CHL,NE.GDI.FTOT.CN,25
CHL,NE.GDI.FTOT.KD,25
CHL,NE.GDI.FTOT.KD.ZG,25
CHL,NE.GDI.FTOT.KN,25
CHL,NE.GDI.FTOT.ZS,25
CHL,NE.GDI.STKB.CD,25
CHL,NE.GDI.STKB.CN,25
CHL,NE.GDI.TOTL.CD,25
CHL,NE.GDI.TOTL.CN,25
CHL,NE.GDI.TOTL.KD,25
CHL,NE.GDI.TOTL.KD.ZG,25
CHL,NE.GDI.TOTL.KN,25
CHL,NE.GDI.TOTL.ZS,25
CHL,NE.IMP.GNFS.CD,25
CHL,NE.IMP.GNFS.CN,25
CHL,NE.IMP.GNFS.KD,25
CHL,NE.IMP.GNFS.KD.ZG,25
CHL,NE.IMP.GNFS.KN,25
CHL,NE.IMP.GNFS.ZS,25
CHL,NE.RSB.GNFS.CD,25
CHL,NE.RSB.GNFS.CN,25
CHL,NE.RSB.GNFS.ZS,25
CHL,NE.TRD.GNFS.ZS,25
CHL,NV.AGR.TOTL.CD,25
CHL,NV.AGR.TOTL.CN,25
CHL,NV.AGR.TOTL.KD,25
CHL,NV.AGR.TOTL.KD.ZG,25
CHL,NV.AGR.TOTL.KN,25
CHL,NV.AGR.TOTL.ZS,25
CHL,NV.IND.MANF.CD,25
CHL,NV.IND.MANF.CN,25
CHL,NV.IND.MANF.KD,25
CHL,NV.IND.MANF.KD.ZG,25
CHL,NV.IND.MANF.KN,25
CHL,NV.IND.MANF.ZS,25
CHL,NV.IND.TOTL.CD,25
CHL,NV.IND.TOTL.CN,25
CHL,NV.IND.TOTL.KD,25
CHL,NV.IND.TOTL.KD.ZG,25
CHL,NV.IND.TOTL.KN,25
CHL,NV.IND.TOTL.ZS,25
CHL,NV.SRV.TOTL.CD,25
CHL,NV.SRV.TOTL.CN,25
CHL,NV.SRV.TOTL.KD,25
CHL,NV.SRV.TOTL.KD.ZG,25
CHL,NV.SRV.TOTL.KN,25
CHL,NV.SRV.TOTL.ZS,25
CHL,NY.EXP.CAPM.KN,25
CHL,NY.GDP.DEFL.KD.ZG,25
CHL,NY.GDP.DEFL.ZS,25
CHL,NY.GDP.DISC.CN,25
CHL,NY.GDP.FCST.CD,25
CHL,NY.GDP.FCST.CN,25
CHL,NY.GDP.FCST.KD,25
CHL,NY.GDP.FCST.KN,25
CHL,NY.GDP.MKTP.CD,25
CHL,NY.GDP.MKTP.CN,25
CHL,NY.GDP.MKTP.CN.AD,25
CHL,NY.GDP.MKTP.KD,25
CHL,NY.GDP.MKTP.KD.ZG,25
CHL,NY.GDP.MKTP.KN,25
CHL,NY.GDP.MKTP.PP.CD,25
CHL,NY.GDP.MKTP.PP.KD,25
CHL,NY.GDP.PCAP.CD,25
CHL,NY.GDP.PCAP.CN,25
CHL,NY.GDP.PCAP.KD,25
CHL,NY.GDP.PCAP.KD.ZG,25
CHL,NY.GDP.PCAP.KN,25
CHL,NY.GDP.PCAP.PP.CD,25
CHL,NY.GDP.PCAP.PP.KD,25
CHL,NY.GDS.TOTL.CD,25
CHL,NY.GDS.TOTL.CN,25
CHL,NY.GDS.TOTL.ZS,25
CHL,NY.GDY.TOTL.KN,25
CHL,NY.GNP.ATLS.CD,25
CHL,NY.GNP.MKTP.CD,25
CHL,NY.GNP.MKTP.CN,25
CHL,NY.GNP.MKTP.CN.AD,25
CHL,NY.GNP.MKTP.KD,25
CHL,NY.GNP.MKTP.KD.ZG,25
CHL,NY.GNP.MKTP.KN,25
CHL,NY.GNP.MKTP.PP.CD,25
CHL,NY.GNP.MKTP.PP.KD,25
CHL,NY.GNP.PCAP.CD,25
CHL,NY.GNP.PCAP.CN,25
CHL,NY.GNP.PCAP.KD,25
CHL,NY.GNP.PCAP.KD.ZG,25
CHL,NY.GNP.PCAP.KN,25
CHL,NY.GNP.PCAP.PP.CD,25
CHL,NY.GNP.PCAP.PP.KD,25
CHL,NY.GNS.ICTR.CD,25
CHL,NY.GNS.ICTR.CN,25
CHL,NY.GNS.ICTR.GN.ZS,25
CHL,NY.GNS.ICTR.ZS,25
CHL,NY.GSR.NFCY.CD,25
CHL,NY.GSR.NFCY.CN,25
CHL,NY.TAX.NIND.CD,25
CHL,NY.TAX.NIND.CN,25
CHL,NY.TAX.NIND.KN,25
CHL,NY.TRF.NCTR.CD,25
CHL,NY.TRF.NCTR.CN,25
CHL,NY.TTF.GNFS.KN,25
CHL,PA.NUS.ATLS,25
CHL,PA.NUS.PPP,25
CHL,PA.NUS.PPPC.RF,25
CHL,PA.NUS.PRVT.PP,25
CHL,BX.PEF.TOTL.CD.WD,24
CHL,GC.REV.XGRT.GD.ZS,24
CHL,GC.XPN.TOTL.GD.ZS,24
CHL,NE.GDI.FPRV.CN,24
CHL,NE.GDI.FPRV.ZS,24
CHL,NV.AGR.EMPL.KD,24
CHL,NV.IND.EMPL.KD,24
CHL,NV.SRV.EMPL.KD,24
CHL,BN.TRF.KOGT.CD,23
CHL,NV.MNF.TECH.ZS.UN,23
CHL,NY.ADJ.AEDU.CD,22
CHL,NY.ADJ.AEDU.GN.ZS,22
CHL,NY.ADJ.DCO2.CD,22
CHL,NY.ADJ.DCO2.GN.ZS,22
CHL,NY.ADJ.DFOR.CD,22
CHL,NY.ADJ.DFOR.GN.ZS,22
CHL,NY.ADJ.DKAP.CD,22
CHL,NY.ADJ.DKAP.GN.ZS,22
CHL,NY.ADJ.DMIN.CD,22
CHL,NY.ADJ.DMIN.GN.ZS,22
CHL,NY.ADJ.DNGY.CD,22
CHL,NY.ADJ.DNGY.GN.ZS,22
CHL,NY.ADJ.DPEM.CD,22
CHL,NY.ADJ.DPEM.GN.ZS,22
CHL,NY.ADJ.DRES.GN.ZS,22
CHL,NY.ADJ.ICTR.GN.ZS,22
CHL,NY.ADJ.NNAT.CD,22
CHL,NY.ADJ.NNAT.GN.ZS,22
CHL,NY.ADJ.NNTY.CD,22
CHL,NY.ADJ.NNTY.KD,22
CHL,NY.ADJ.NNTY.KD.ZG,22
CHL,NY.ADJ.NNTY.PC.CD,22
CHL,NY.ADJ.NNTY.PC.KD,22
CHL,NY.ADJ.NNTY.PC.KD.ZG,22
CHL,NY.ADJ.SVNG.CD,22
CHL,NY.ADJ.SVNG.GN.ZS,22
CHL,NY.ADJ.SVNX.CD,22
CHL,NY.ADJ.SVNX.GN.ZS,22
CHL,BX.GRT.EXTA.CD.WD,18
CHL,BX.GRT.TECH.CD.WD,18
CHL,DT.ODA.ODAT.CD,18
CHL,DT.ODA.ODAT.GN.ZS,18
CHL,DT.ODA.ODAT.PC.ZS,18
CHL,DT.NFL.MIBR.CD,17
CHL,DT.NFL.MIDA.CD,16
CHL,NY.TRF.NCTR.KN,9
CHL,NE.RSB.GNFS.KN,7
CHL,NY.GDP.DISC.KN,7
CHL,NV.MNF.CHEM.ZS.UN,5
CHL,NV.MNF.FBTO.ZS.UN,5
CHL,NV.MNF.MTRN.ZS.UN,5
CHL,NV.MNF.OTHR.ZS.UN,5
CHL,NV.MNF.TXTL.ZS.UN,5
CHL,DT.NFL.NIFC.CD,1
CHL,GC.DOD.TOTL.GD.ZS,1
CHL,NE.GDI.STKB.KN,1
CHL,BX.TRF.PWKR.CD,0
CHL,DT.DOD.DECT.CD,0
CHL,DT.DOD.DECT.GN.ZS,0
CHL,DT.DOD.DIMF.CD,0
CHL,DT.DOD.DLXF.CD,0
CHL,DT.DOD.DPNG.CD,0
CHL,DT.DOD.DPPG.CD,0
CHL,DT.DOD.DSTC.CD,0
CHL,DT.DOD.DSTC.IR.ZS,0
CHL,DT.DOD.DSTC.XP.ZS,0
CHL,DT.DOD.DSTC.ZS,0
CHL,DT.DOD.MIBR.CD,0
CHL,DT.DOD.MIDA.CD,0
CHL,DT.DOD.MWBG.CD,0
CHL,DT.DOD.PVLX.CD,0
CHL,DT.DOD.PVLX.EX.ZS,0
CHL,DT.DOD.PVLX.GN.ZS,0
CHL,DT.NFL.BLAT.CD,0
CHL,DT.NFL.BOND.CD,0
CHL,DT.NFL.DPNG.CD,0
CHL,DT.NFL.IMFC.CD,0
CHL,DT.NFL.IMFN.CD,0
CHL,DT.NFL.MLAT.CD,0
CHL,DT.NFL.MOTH.CD,0
CHL,DT.NFL.OFFT.CD,0
CHL,DT.NFL.PBND.CD,0
CHL,DT.NFL.PCBK.CD,0
CHL,DT.NFL.PCBO.CD,0
CHL,DT.NFL.PNGB.CD,0
CHL,DT.NFL.PNGC.CD,0
CHL,DT.NFL.PROP.CD,0
CHL,DT.NFL.PRVT.CD,0
CHL,DT.NFL.RDBC.CD,0
CHL,DT.NFL.RDBN.CD,0
CHL,DT.TDS.DECT.CD,0
CHL,DT.TDS.DECT.EX.ZS,0
CHL,DT.TDS.DECT.GN.ZS,0
CHL,DT.TDS.DIMF.CD,0
CHL,DT.TDS.DPPF.XP.ZS,0
CHL,DT.TDS.DPPG.CD,0
CHL,DT.TDS.DPPG.GN.ZS,0
CHL,DT.TDS.DPPG.XP.ZS,0
CHL,DT.TDS.MLAT.CD,0
CHL,DT.TDS.MLAT.PG.ZS,0
CHL,FI.RES.TOTL.DT.ZS,0
CHL,NV.FSM.TOTL.CN,0
CHL,NV.FSM.TOTL.KN,0
CHL,NY.GSR.NFCY.KN,0
PRY,BG.GSR.NFSV.GD.ZS,25
PRY,BM.GSR.CMCP.ZS,25
PRY,BM.GSR.FCTY.CD,25
PRY,BM.GSR.GNFS.CD,25
PRY,BM.GSR.INSF.ZS,25
PRY,BM.GSR.MRCH.CD,25
PRY,BM.GSR.NFSV.CD,25
PRY,BM.GSR.ROYL.CD,25
PRY,BM.GSR.TOTL.CD,25
PRY,BM.GSR.TRAN.ZS,25
PRY,BM.GSR.TRVL.ZS,25
PRY,BM.KLT.DINV.CD.WD,25
PRY,BM.KLT.DINV.WD.GD.ZS,25
PRY,BN.CAB.XOKA.CD,25
PRY,BN.CAB.XOKA.GD.ZS,25
PRY,BN.FIN.TOTL.CD,25
PRY,BN.GSR.FCTY.CD,25
PRY,BN.GSR.GNFS.CD,25
PRY,BN.GSR.MRCH.CD,25
PRY,BN.KAC.EOMS.CD,25
PRY,BN.KLT.DINV.CD,25
PRY,BN.RES.INCL.CD,25
PRY,BN.TRF.CURR.CD,25
PRY,BN.TRF.KOGT.CD,25
PRY,BX.GSR.CCIS.CD,25
PRY,BX.GSR.CCIS.ZS,25
PRY,BX.GSR.CMCP.ZS,25
PRY,BX.GSR.FCTY.CD,25
PRY,BX.GSR.GNFS.CD,25
PRY,BX.GSR.INSF.ZS,25
PRY,BX.GSR.MRCH.CD,25
PRY,BX.GSR.NFSV.CD,25
PRY,BX.GSR.TOTL.CD,25
PRY,BX.GSR.TRAN.ZS,25
PRY,BX.GSR.TRVL.ZS,25
PRY,BX.KLT.DINV.CD.WD,25
PRY,BX.KLT.DINV.WD.GD.ZS,25
PRY,BX.TRF.CURR.CD,25
PRY,BX.TRF.PWKR.CD,25
PRY,BX.TRF.PWKR.CD.DT,25
PRY,BX.TRF.PWKR.DT.GD.ZS,25
PRY,FP.CPI.TOTL.ZG,25
PRY,NE.CON.GOVT.CD,25
PRY,NE.CON.GOVT.CN,25
PRY,NE.CON.GOVT.KD,25
PRY,NE.CON.GOVT.KD.ZG,25
PRY,NE.CON.GOVT.KN,25
PRY,NE.CON.GOVT.ZS,25
PRY,NE.CON.PRVT.CD,25
PRY,NE.CON.PRVT.CN,25
PRY,NE.CON.PRVT.CN.AD,25
PRY,NE.CON.PRVT.KD,25
PRY,NE.CON.PRVT.KD.ZG,25
PRY,NE.CON.PRVT.KN,25
PRY,NE.CON.PRVT.PC.KD,25
PRY,NE.CON.PRVT.PC.KD.ZG,25
PRY,NE.CON.PRVT.PP.CD,25
PRY,NE.CON.PRVT.PP.KD,25
PRY,NE.CON.PRVT.ZS,25
PRY,NE.CON.TOTL.CD,25
PRY,NE.CON.TOTL.CN,25
PRY,NE.CON.TOTL.KD,25
PRY,NE.CON.TOTL.KD.ZG,25
PRY,NE.CON.TOTL.KN,25
PRY,NE.CON.TOTL.ZS,25
PRY,NE.DAB.DEFL.ZS,25
PRY,NE.DAB.TOTL.CD,25
PRY,NE.DAB.TOTL.CN,25
PRY,NE.DAB.TOTL.KD,25
PRY,NE.DAB.TOTL.KN,25
PRY,NE.DAB.TOTL.ZS,25
PRY,NE.EXP.GNFS.CD,25
PRY,NE.EXP.GNFS.CN,25
PRY,NE.EXP.GNFS.KD,25
PRY,NE.EXP.GNFS.KD.ZG,25
PRY,NE.EXP.GNFS.KN,25
PRY,NE.EXP.GNFS.ZS,25
PRY,NE.GDI.FTOT.CD,25
PRY,NE.GDI.FTOT.CN,25
PRY,NE.GDI.FTOT.KD,25
PRY,NE.GDI.FTOT.KD.ZG,25
PRY,NE.GDI.FTOT.KN,25
PRY,NE.GDI.FTOT.ZS,25
PRY,NE.GDI.STKB.CD,25
PRY,NE.GDI.STKB.CN,25
PRY,NE.GDI.STKB.KN,25
PRY,NE.GDI.TOTL.CD,25
PRY,NE.GDI.TOTL.CN,25
PRY,NE.GDI.TOTL.KD,25
PRY,NE.GDI.TOTL.KD.ZG,25
PRY,NE.GDI.TOTL.KN,25
PRY,NE.GDI.TOTL.ZS,25
PRY,NE.IMP.GNFS.CD,25
PRY,NE.IMP.GNFS.CN,25
PRY,NE.IMP.GNFS.KD,25
PRY,NE.IMP.GNFS.KD.ZG,25
PRY,NE.IMP.GNFS.KN,25
PRY,NE.IMP.GNFS.ZS,25
PRY,NE.RSB.GNFS.CD,25
PRY,NE.RSB.GNFS.CN,25
PRY,NE.RSB.GNFS.ZS,25
PRY,NE.TRD.GNFS.ZS,25
PRY,NV.AGR.TOTL.CD,25
PRY,NV.AGR.TOTL.CN,25
PRY,NV.AGR.TOTL.KD,25
PRY,NV.AGR.TOTL.KD.ZG,25
PRY,NV.AGR.TOTL.KN,25
PRY,NV.AGR.TOTL.ZS,25
PRY,NV.IND.MANF.CD,25
PRY,NV.IND.MANF.CN,25
PRY,NV.IND.MANF.KD,25
PRY,NV.IND.MANF.KD.ZG,25
PRY,NV.IND.MANF.KN,25
PRY,NV.IND.MANF.ZS,25
PRY,NV.IND.TOTL.CD,25
PRY,NV.IND.TOTL.CN,25
PRY,NV.IND.TOTL.KD,25
PRY,NV.IND.TOTL.KD.ZG,25
PRY,NV.IND.TOTL.KN,25
PRY,NV.IND.TOTL.ZS,25
PRY,NV.SRV.TOTL.CD,25
PRY,NV.SRV.TOTL.CN,25
PRY,NV.SRV.TOTL.KD,25
PRY,NV.SRV.TOTL.KD.ZG,25
PRY,NV.SRV.TOTL.KN,25
PRY,NV.SRV.TOTL.ZS,25
PRY,NY.EXP.CAPM.KN,25
PRY,NY.GDP.DEFL.KD.ZG,25
PRY,NY.GDP.DEFL.ZS,25
PRY,NY.GDP.DISC.CN,25
PRY,NY.GDP.FCST.CD,25
PRY,NY.GDP.FCST.CN,25
PRY,NY.GDP.FCST.KD,25
PRY,NY.GDP.FCST.KN,25
PRY,NY.GDP.MKTP.CD,25
PRY,NY.GDP.MKTP.CN,25
PRY,NY.GDP.MKTP.CN.AD,25
PRY,NY.GDP.MKTP.KD,25
PRY,NY.GDP.MKTP.KD.ZG,25
PRY,NY.GDP.MKTP.KN,25
PRY,NY.GDP.MKTP.PP.CD,25
PRY,NY.GDP.MKTP.PP.KD,25
PRY,NY.GDP.PCAP.CD,25
PRY,NY.GDP.PCAP.CN,25
PRY,NY.GDP.PCAP.KD,25
PRY,NY.GDP.PCAP.KD.ZG,25
PRY,NY.GDP.PCAP.KN,25
PRY,NY.GDP.PCAP.PP.CD,25
PRY,NY.GDP.PCAP.PP.KD,25
PRY,NY.GDS.TOTL.CD,25
PRY,NY.GDS.TOTL.CN,25
PRY,NY.GDS.TOTL.ZS,25
PRY,NY.GDY.TOTL.KN,25
PRY,NY.GNP.ATLS.CD,25
PRY,NY.GNP.MKTP.CD,25
PRY,NY.GNP.MKTP.CN,25
PRY,NY.GNP.MKTP.CN.AD,25
PRY,NY.GNP.MKTP.KD,25
PRY,NY.GNP.MKTP.KD.ZG,25
PRY,NY.GNP.MKTP.KN,25
PRY,NY.GNP.MKTP.PP.CD,25
PRY,NY.GNP.MKTP.PP.KD,25
PRY,NY.GNP.PCAP.CD,25
PRY,NY.GNP.PCAP.CN,25
PRY,NY.GNP.PCAP.KD,25
PRY,NY.GNP.PCAP.KD.ZG,25
PRY,NY.GNP.PCAP.KN,25
PRY,NY.GNP.PCAP.PP.CD,25
PRY,NY.GNP.PCAP.PP.KD,25
PRY,NY.GNS.ICTR.CD,25
PRY,NY.GNS.ICTR.CN,25
PRY,NY.GNS.ICTR.GN.ZS,25
PRY,NY.GNS.ICTR.ZS,25
PRY,NY.GSR.NFCY.CD,25
PRY,NY.GSR.NFCY.CN,25
PRY,NY.TAX.NIND.CD,25
PRY,NY.TAX.NIND.CN,25
PRY,NY.TAX.NIND.KN,25
PRY,NY.TRF.NCTR.CD,25
PRY,NY.TRF.NCTR.CN,25
PRY,NY.TTF.GNFS.KN,25
PRY,PA.NUS.ATLS,25
PRY,PA.NUS.PPP,25
PRY,PA.NUS.PPPC.RF,25
PRY,PA.NUS.PRVT.PP,25
PRY,BX.PEF.TOTL.CD.WD,24
PRY,DT.DOD.DECT.CD,24
PRY,DT.DOD.DECT.GN.ZS,24
PRY,DT.DOD.DIMF.CD,24
PRY,DT.DOD.DLXF.CD,24
PRY,DT.DOD.DPNG.CD,24
PRY,DT.DOD.DPPG.CD,24
PRY,DT.DOD.DSTC.CD,24
PRY,DT.DOD.DSTC.IR.ZS,24
PRY,DT.DOD.DSTC.XP.ZS,24
PRY,DT.DOD.DSTC.ZS,24
PRY,DT.DOD.MIBR.CD,24
PRY,DT.DOD.MIDA.CD,24
PRY,DT.DOD.MWBG.CD,24
PRY,DT.NFL.BLAT.CD,24
PRY,DT.NFL.DPNG.CD,24
PRY,DT.NFL.MIBR.CD,24
PRY,DT.NFL.MIDA.CD,24
PRY,DT.NFL.MLAT.CD,24
PRY,DT.NFL.MOTH.CD,24
PRY,DT.NFL.NIFC.CD,24
PRY,DT.NFL.OFFT.CD,24
PRY,DT.NFL.PNGC.CD,24
PRY,DT.NFL.PRVT.CD,24
PRY,DT.NFL.RDBC.CD,24
PRY,DT.NFL.RDBN.CD,24
PRY,DT.TDS.DECT.CD,24
PRY,DT.TDS.DECT.EX.ZS,24
PRY,DT.TDS.DECT.GN.ZS,24
PRY,DT.TDS.DIMF.CD,24
PRY,DT.TDS.DPPF.XP.ZS,24
PRY,DT.TDS.DPPG.CD,24
PRY,DT.TDS.DPPG.GN.ZS,24
PRY,DT.TDS.DPPG.XP.ZS,24
PRY,DT.TDS.MLAT.CD,24
PRY,DT.TDS.MLAT.PG.ZS,24
PRY,FI.RES.TOTL.CD,24
PRY,FI.RES.TOTL.DT.ZS,24
PRY,FI.RES.TOTL.MO,24
PRY,FI.RES.XGLD.CD,24
PRY,NV.AGR.EMPL.KD,24
PRY,NV.IND.EMPL.KD,24
PRY,NV.SRV.EMPL.KD,24
PRY,BX.GRT.EXTA.CD.WD,23
PRY,BX.GRT.TECH.CD.WD,23
PRY,DT.ODA.ODAT.CD,23
PRY,DT.ODA.ODAT.GN.ZS,23
PRY,DT.ODA.ODAT.PC.ZS,23
PRY,NV.MNF.TECH.ZS.UN,23
PRY,BN.KLT.PTXL.CD,22
PRY,NY.ADJ.AEDU.CD,22
PRY,NY.ADJ.AEDU.GN.ZS,22
PRY,NY.ADJ.DCO2.CD,22
PRY,NY.ADJ.DCO2.GN.ZS,22
PRY,NY.ADJ.DFOR.CD,22
PRY,NY.ADJ.DFOR.GN.ZS,22
PRY,NY.ADJ.DKAP.CD,22
PRY,NY.ADJ.DKAP.GN.ZS,22
PRY,NY.ADJ.DMIN.CD,22
PRY,NY.ADJ.DMIN.GN.ZS,22
PRY,NY.ADJ.DNGY.CD,22
PRY,NY.ADJ.DNGY.GN.ZS,22
PRY,NY.ADJ.DPEM.CD,22
PRY,NY.ADJ.DPEM.GN.ZS,22
PRY,NY.ADJ.DRES.GN.ZS,22
PRY,NY.ADJ.ICTR.GN.ZS,22
PRY,NY.ADJ.NNAT.CD,22
PRY,NY.ADJ.NNAT.GN.ZS,22
PRY,NY.ADJ.NNTY.CD,22
PRY,NY.ADJ.NNTY.KD,22
PRY,NY.ADJ.NNTY.KD.ZG,22
PRY,NY.ADJ.NNTY.PC.CD,22
PRY,NY.ADJ.NNTY.PC.KD,22
PRY,NY.ADJ.NNTY.PC.KD.ZG,22
PRY,NY.ADJ.SVNG.CD,22
PRY,NY.ADJ.SVNG.GN.ZS,22
PRY,NY.ADJ.SVNX.CD,22
PRY,NY.ADJ.SVNX.GN.ZS,22
PRY,BM.TRF.PWKR.CD.DT,20
PRY,DT.NFL.PCBK.CD,20
PRY,DT.NFL.PCBO.CD,20
PRY,GC.REV.XGRT.GD.ZS,19
PRY,GC.XPN.TOTL.GD.ZS,19
PRY,BM.TRF.PRVT.CD,17
PRY,NV.MNF.CHEM.ZS.UN,15
PRY,NV.MNF.FBTO.ZS.UN,15
PRY,NV.MNF.OTHR.ZS.UN,15
PRY,NV.MNF.TXTL.ZS.UN,15
PRY,DT.NFL.BOND.CD,11
PRY,DT.NFL.PBND.CD,11
PRY,NE.RSB.GNFS.KN,11
PRY,NY.GDP.DISC.KN,11
PRY,DT.NFL.PNGB.CD,7
PRY,DT.NFL.PROP.CD,7
PRY,NY.TRF.NCTR.KN,6
PRY,DT.DOD.PVLX.CD,1
PRY,DT.DOD.PVLX.EX.ZS,1
PRY,DT.DOD.PVLX.GN.ZS,1
PRY,DT.NFL.IMFN.CD,1
PRY,NV.MNF.MTRN.ZS.UN,1
PRY,BX.GSR.ROYL.CD,0
PRY,DT.NFL.IMFC.CD,0
PRY,GC.DOD.TOTL.GD.ZS,0
PRY,NE.GDI.FPRV.CN,0
PRY,NE.GDI.FPRV.ZS,0
PRY,NV.FSM.TOTL.CN,0
PRY,NV.FSM.TOTL.KN,0
PRY,NY.GSR.NFCY.KN,0
URY,BG.GSR.NFSV.GD.ZS,25
URY,BM.GSR.CMCP.ZS,25
URY,BM.GSR.FCTY.CD,25
URY,BM.GSR.GNFS.CD,25
URY,BM.GSR.INSF.ZS,25
URY,BM.GSR.MRCH.CD,25
URY,BM.GSR.NFSV.CD,25
URY,BM.GSR.ROYL.CD,25
URY,BM.GSR.TOTL.CD,25
URY,BM.GSR.TRAN.ZS,25
URY,BM.GSR.TRVL.ZS,25
URY,BM.KLT.DINV.CD.WD,25
URY,BM.KLT.DINV.WD.GD.ZS,25
URY,BM.TRF.PRVT.CD,25
URY,BN.CAB.XOKA.CD,25
URY,BN.CAB.XOKA.GD.ZS,25
URY,BN.FIN.TOTL.CD,25
URY,BN.GSR.FCTY.CD,25
URY,BN.GSR.GNFS.CD,25
URY,BN.GSR.MRCH.CD,25
URY,BN.KAC.EOMS.CD,25
URY,BN.KLT.DINV.CD,25
URY,BN.KLT.PTXL.CD,25
URY,BN.RES.INCL.CD,25
URY,BN.TRF.CURR.CD,25
URY,BX.GSR.CCIS.CD,25
URY,BX.GSR.CCIS.ZS,25
URY,BX.GSR.CMCP.ZS,25
URY,BX.GSR.FCTY.CD,25
URY,BX.GSR.GNFS.CD,25
URY,BX.GSR.INSF.ZS,25
URY,BX.GSR.MRCH.CD,25
URY,BX.GSR.NFSV.CD,25
URY,BX.GSR.TOTL.CD,25
URY,BX.GSR.TRAN.ZS,25
URY,BX.GSR.TRVL.ZS,25
URY,BX.KLT.DINV.CD.WD,25
URY,BX.KLT.DINV.WD.GD.ZS,25
URY,BX.TRF.CURR.CD,25
URY,FI.RES.TOTL.CD,25
URY,FI.RES.TOTL.MO,25
URY,FI.RES.XGLD.CD,25
URY,FP.CPI.TOTL.ZG,25
URY,NE.CON.TOTL.CD,25
URY,NE.CON.TOTL.CN,25
URY,NE.CON.TOTL.KD,25
URY,NE.CON.TOTL.KD.ZG,25
URY,NE.CON.TOTL.KN,25
URY,NE.CON.TOTL.ZS,25
URY,NE.DAB.DEFL.ZS,25
URY,NE.DAB.TOTL.CD,25
URY,NE.DAB.TOTL.CN,25
URY,NE.DAB.TOTL.KD,25
URY,NE.DAB.TOTL.KN,25
URY,NE.DAB.TOTL.ZS,25
URY,NE.EXP.GNFS.CD,25
URY,NE.EXP.GNFS.CN,25
URY,NE.EXP.GNFS.KD,25
URY,NE.EXP.GNFS.KD.ZG,25
URY,NE.EXP.GNFS.KN,25
URY,NE.EXP.GNFS.ZS,25
URY,NE.GDI.FTOT.CD,25
URY,NE.GDI.FTOT.CN,25
URY,NE.GDI.FTOT.KD,25
URY,NE.GDI.FTOT.KD.ZG,25
URY,NE.GDI.FTOT.KN,25
URY,NE.GDI.FTOT.ZS,25
URY,NE.GDI.STKB.CD,25
URY,NE.GDI.STKB.CN,25
URY,NE.GDI.TOTL.CD,25
URY,NE.GDI.TOTL.CN,25
URY,NE.GDI.TOTL.KD,25
URY,NE.GDI.TOTL.KD.ZG,25
URY,NE.GDI.TOTL.KN,25
URY,NE.GDI.TOTL.ZS,25
URY,NE.IMP.GNFS.CD,25
URY,NE.IMP.GNFS.CN,25
URY,NE.IMP.GNFS.KD,25
URY,NE.IMP.GNFS.KD.ZG,25
URY,NE.IMP.GNFS.KN,25
URY,NE.IMP.GNFS.ZS,25
URY,NE.RSB.GNFS.CD,25
URY,NE.RSB.GNFS.CN,25
URY,NE.RSB.GNFS.ZS,25
URY,NE.TRD.GNFS.ZS,25
URY,NV.AGR.TOTL.CD,25
URY,NV.AGR.TOTL.CN,25
URY,NV.AGR.TOTL.KD,25
URY,NV.AGR.TOTL.KD.ZG,25
URY,NV.AGR.TOTL.KN,25
URY,NV.AGR.TOTL.ZS,25
URY,NV.IND.MANF.CD,25
URY,NV.IND.MANF.CN,25
URY,NV.IND.MANF.KD,25
URY,NV.IND.MANF.KD.ZG,25
URY,NV.IND.MANF.KN,25
URY,NV.IND.MANF.ZS,25
URY,NV.IND.TOTL.CD,25
URY,NV.IND.TOTL.CN,25
URY,NV.IND.TOTL.KD,25
URY,NV.IND.TOTL.KD.ZG,25
URY,NV.IND.TOTL.KN,25
URY,NV.IND.TOTL.ZS,25
URY,NV.SRV.TOTL.CD,25
URY,NV.SRV.TOTL.CN,25
URY,NV.SRV.TOTL.KD,25
URY,NV.SRV.TOTL.KD.ZG,25
URY,NV.SRV.TOTL.KN,25
URY,NV.SRV.TOTL.ZS,25
URY,NY.EXP.CAPM.KN,25
URY,NY.GDP.DEFL.KD.ZG,25
URY,NY.GDP.DEFL.ZS,25
URY,NY.GDP.DISC.CN,25
URY,NY.GDP.FCST.CD,25
URY,NY.GDP.FCST.CN,25
URY,NY.GDP.FCST.KD,25
URY,NY.GDP.FCST.KN,25
URY,NY.GDP.MKTP.CD,25
URY,NY.GDP.MKTP.CN,25
URY,NY.GDP.MKTP.CN.AD,25
URY,NY.GDP.MKTP.KD,25
URY,NY.GDP.MKTP.KD.ZG,25
URY,NY.GDP.MKTP.KN,25
URY,NY.GDP.MKTP.PP.CD,25
URY,NY.GDP.MKTP.PP.KD,25
URY,NY.GDP.PCAP.CD,25
URY,NY.GDP.PCAP.CN,25
URY,NY.GDP.PCAP.KD,25
URY,NY.GDP.PCAP.KD.ZG,25
URY,NY.GDP.PCAP.KN,25
URY,NY.GDP.PCAP.PP.CD,25
URY,NY.GDP.PCAP.PP.KD,25
URY,NY.GDS.TOTL.CD,25
URY,NY.GDS.TOTL.CN,25
URY,NY.GDS.TOTL.ZS,25
URY,NY.GDY.TOTL.KN,25
URY,NY.GNP.ATLS.CD,25
URY,NY.GNP.MKTP.CD,25
URY,NY.GNP.MKTP.CN,25
URY,NY.GNP.MKTP.CN.AD,25
URY,NY.GNP.MKTP.KD,25
URY,NY.GNP.MKTP.KD.ZG,25
URY,NY.GNP.MKTP.KN,25
URY,NY.GNP.MKTP.PP.CD,25
URY,NY.GNP.MKTP.PP.KD,25
URY,NY.GNP.PCAP.CD,25
URY,NY.GNP.PCAP.CN,25
URY,NY.GNP.PCAP.KD,25
URY,NY.GNP.PCAP.KD.ZG,25
URY,NY.GNP.PCAP.KN,25
URY,NY.GNP.PCAP.PP.CD,25
URY,NY.GNP.PCAP.PP.KD,25
URY,NY.GNS.ICTR.CD,25
URY,NY.GNS.ICTR.CN,25
URY,NY.GNS.ICTR.GN.ZS,25
URY,NY.GNS.ICTR.ZS,25
URY,NY.GSR.NFCY.CD,25
URY,NY.GSR.NFCY.CN,25
URY,NY.TAX.NIND.CD,25
URY,NY.TAX.NIND.CN,25
URY,NY.TAX.NIND.KN,25
URY,NY.TRF.NCTR.CD,25
URY,NY.TRF.NCTR.CN,25
URY,NY.TTF.GNFS.KN,25
URY,PA.NUS.ATLS,25
URY,PA.NUS.PPP,25
URY,PA.NUS.PPPC.RF,25
URY,PA.NUS.PRVT.PP,25
URY,BX.TRF.PWKR.CD.DT,24
URY,BX.TRF.PWKR.DT.GD.ZS,24
URY,GC.REV.XGRT.GD.ZS,24
URY,GC.XPN.TOTL.GD.ZS,24
URY,NV.AGR.EMPL.KD,24
URY,NV.IND.EMPL.KD,24
URY,NV.SRV.EMPL.KD,24
URY,BX.GSR.ROYL.CD,23
URY,BX.PEF.TOTL.CD.WD,23
URY,BX.TRF.PWKR.CD,23
URY,GC.DOD.TOTL.GD.ZS,23
URY,NV.MNF.TECH.ZS.UN,23
URY,BM.TRF.PWKR.CD.DT,22
URY,NY.ADJ.AEDU.CD,22
URY,NY.ADJ.AEDU.GN.ZS,22
URY,NY.ADJ.DCO2.CD,22
URY,NY.ADJ.DCO2.GN.ZS,22
URY,NY.ADJ.DFOR.CD,22
URY,NY.ADJ.DFOR.GN.ZS,22
URY,NY.ADJ.DKAP.CD,22
URY,NY.ADJ.DKAP.GN.ZS,22
URY,NY.ADJ.DMIN.CD,22
URY,NY.ADJ.DMIN.GN.ZS,22
URY,NY.ADJ.DNGY.CD,22
URY,NY.ADJ.DNGY.GN.ZS,22
URY,NY.ADJ.DPEM.CD,22
URY,NY.ADJ.DPEM.GN.ZS,22
URY,NY.ADJ.DRES.GN.ZS,22
URY,NY.ADJ.ICTR.GN.ZS,22
URY,NY.ADJ.NNAT.CD,22
URY,NY.ADJ.NNAT.GN.ZS,22
URY,NY.ADJ.NNTY.CD,22
URY,NY.ADJ.NNTY.KD,22
URY,NY.ADJ.NNTY.KD.ZG,22
URY,NY.ADJ.NNTY.PC.CD,22
URY,NY.ADJ.NNTY.PC.KD,22
URY,NY.ADJ.NNTY.PC.KD.ZG,22
URY,NY.ADJ.SVNG.CD,22
URY,NY.ADJ.SVNG.GN.ZS,22
URY,NY.ADJ.SVNX.CD,22
URY,NY.ADJ.SVNX.GN.ZS,22
URY,BN.TRF.KOGT.CD,19
URY,BX.GRT.EXTA.CD.WD,18
URY,BX.GRT.TECH.CD.WD,18
URY,DT.ODA.ODAT.CD,18
URY,DT.ODA.ODAT.GN.ZS,18
URY,DT.ODA.ODAT.PC.ZS,18
URY,DT.NFL.MIBR.CD,17
URY,NE.CON.GOVT.CD,16
URY,NE.CON.GOVT.CN,16
URY,NE.CON.GOVT.ZS,16
URY,NE.CON.PRVT.CD,16
URY,NE.CON.PRVT.CN,16
URY,NE.CON.PRVT.CN.AD,16
URY,NE.CON.PRVT.PP.CD,16
URY,NE.CON.PRVT.ZS,16
URY,NE.GDI.FPRV.CN,16
URY,NE.GDI.FPRV.ZS,16
URY,NV.FSM.TOTL.CN,16
URY,NY.TRF.NCTR.KN,13
URY,NE.GDI.STKB.KN,9
URY,NE.RSB.GNFS.KN,9
URY,NY.GDP.DISC.KN,9
URY,NV.MNF.CHEM.ZS.UN,7
URY,NV.MNF.FBTO.ZS.UN,7
URY,NV.MNF.MTRN.ZS.UN,7
URY,NV.MNF.OTHR.ZS.UN,7
URY,NV.MNF.TXTL.ZS.UN,7
URY,DT.NFL.NIFC.CD,1
URY,NE.CON.GOVT.KD,1
URY,NE.CON.PRVT.KD,1
URY,NE.CON.PRVT.PC.KD,1
URY,DT.DOD.DECT.CD,0
URY,DT.DOD.DECT.GN.ZS,0
URY,DT.DOD.DIMF.CD,0
URY,DT.DOD.DLXF.CD,0
URY,DT.DOD.DPNG.CD,0
URY,DT.DOD.DPPG.CD,0
URY,DT.DOD.DSTC.CD,0
URY,DT.DOD.DSTC.IR.ZS,0
URY,DT.DOD.DSTC.XP.ZS,0
URY,DT.DOD.DSTC.ZS,0
URY,DT.DOD.MIBR.CD,0
URY,DT.DOD.MIDA.CD,0
URY,DT.DOD.MWBG.CD,0
URY,DT.DOD.PVLX.CD,0
URY,DT.DOD.PVLX.EX.ZS,0
URY,DT.DOD.PVLX.GN.ZS,0
URY,DT.NFL.BLAT.CD,0
URY,DT.NFL.BOND.CD,0
URY,DT.NFL.DPNG.CD,0
URY,DT.NFL.IMFC.CD,0
URY,DT.NFL.IMFN.CD,0
URY,DT.NFL.MIDA.CD,0
URY,DT.NFL.MLAT.CD,0
URY,DT.NFL.MOTH.CD,0
URY,DT.NFL.OFFT.CD,0
URY,DT.NFL.PBND.CD,0
URY,DT.NFL.PCBK.CD,0
URY,DT.NFL.PCBO.CD,0
URY,DT.NFL.PNGB.CD,0
URY,DT.NFL.PNGC.CD,0
URY,DT.NFL.PROP.CD,0
URY,DT.NFL.PRVT.CD,0
URY,DT.NFL.RDBC.CD,0
URY,DT.NFL.RDBN.CD,0
URY,DT.TDS.DECT.CD,0
URY,DT.TDS.DECT.EX.ZS,0
URY,DT.TDS.DECT.GN.ZS,0
URY,DT.TDS.DIMF.CD,0
URY,DT.TDS.DPPF.XP.ZS,0
URY,DT.TDS.DPPG.CD,0
URY,DT.TDS.DPPG.GN.ZS,0
URY,DT.TDS.DPPG.XP.ZS,0
URY,DT.TDS.MLAT.CD,0
URY,DT.TDS.MLAT.PG.ZS,0
URY,FI.RES.TOTL.DT.ZS,0
URY,NE.CON.GOVT.KD.ZG,0
URY,NE.CON.GOVT.KN,0
URY,NE.CON.PRVT.KD.ZG,0
URY,NE.CON.PRVT.KN,0
URY,NE.CON.PRVT.PC.KD.ZG,0
URY,NE.CON.PRVT.PP.KD,0
URY,NV.FSM.TOTL.KN,0
URY,NY.GSR.NFCY.KN,0
